"gemeinde_id";"name"
"NL001705";"Lingewaard (NL)"
"NL001706";"Cranendonck (NL)"
"NL001711";"Echt-Susteren (NL)"
"03251003";"Bahrenborstel (NDS)"
"03454031";"Lengerich (NDS)"
"NL000882";"Landgraaf (NL)"
"NL000888";"Beek (NL)"
"NL000889";"Beesel (NL)"
"03454053";"Thuine (NDS)"
"NL000893";"Bergen (L) (NL)"
"NL000899";"Brunssum (NL)"
"NL000907";"Gennep (NL)"
"NL000917";"Heerlen (NL)"
"NL000928";"Kerkrade (NL)"
"NL000938";"Meerssen (NL)"
"NL000944";"Mook en Middelaar (NL)"
"NL000962";"Schinnen (NL)"
"NL000965";"Simpelveld (NL)"
"NL000981";"Vaals (NL)"
"NL001586";"Oost Gelre (NL)"
"NL001669";"Roerdalen (NL)"
"NL001684";"Cuijk (NL)"
"NL001702";"Sint Anthonis (NL)"
"NL001729";"Gulpen-Wittem (NL)"
"NL001734";"Overbetuwe (NL)"
"NL001774";"Dinkelland (NL)"
"NL001859";"Berkelland (NL)"
"NL001876";"Bronckhorst (NL)"
"NL001883";"Sittard-Geleen (NL)"
"NL001894";"Peel en Maas (NL)"
"NL001955";"Montferland (NL)"
"03257004";"Auhagen (NDS)"
"03257005";"Bad Eilsen (NDS)"
"03257015";"Heuerßen (NDS)"
"03257016";"Hohnhorst (NDS)"
"03257021";"Lüdersfeld (NDS)"
"03257019";"Lauenhagen (NDS)"
"03257020";"Lindhorst (NDS)"
"03251004";"Barenburg (NDS)"
"03251006";"Barver (NDS)"
"05112000";"Duisburg"
"05116000";"Mönchengladbach"
"05117000";"Mülheim an der Ruhr"
"05119000";"Oberhausen"
"05120000";"Remscheid"
"05122000";"Solingen"
"03257025";"Niedernwöhren (NDS)"
"03257026";"Nienstädt (NDS)"
"03257027";"Nordsehl (NDS)"
"03257032";"Rodenberg (NDS)"
"03257033";"Sachsenhagen (NDS)"
"05124000";"Wuppertal"
"03251021";"Kirchdorf (NDS)"
"03251022";"Lembruch (NDS)"
"03257034";"Seggebruch (NDS)"
"03454001";"Andervenne (NDS)"
"03454003";"Beesten (NDS)"
"03456018";"Quendorf (NDS)"
"03456020";"Samern (NDS)"
"03251045";"Wehrbleck (NDS)"
"05154004";"Bedburg-Hau"
"05154008";"Emmerich am Rhein"
"05154012";"Geldern"
"05154016";"Goch"
"05154020";"Issum"
"05154024";"Kalkar"
"05154028";"Kerken"
"05154032";"Kevelaer"
"05154040";"Kranenburg"
"03251046";"Wetschen (NDS)"
"03252001";"Aerzen (NDS)"
"03252003";"Bad Pyrmont (NDS)"
"07143283";"Oberroßbach (RP)"
"03255001";"Arholzen (NDS)"
"05154044";"Rees"
"05154048";"Rheurdt"
"05154052";"Straelen"
"05154056";"Uedem"
"05154060";"Wachtendonk"
"05154064";"Weeze"
"05158004";"Erkrath"
"05158008";"Haan"
"05158012";"Heiligenhaus"
"03155002";"Bodenfelde (NDS)"
"03155501";"Solling (Landkreis Northeim) (NDS)"
"05158016";"Hilden"
"05158024";"Mettmann"
"05158026";"Monheim am Rhein"
"05158028";"Ratingen"
"05158032";"Velbert"
"05158036";"Wülfrath"
"05162004";"Dormagen"
"05162008";"Grevenbroich"
"03251009";"Brockum (NDS)"
"03255007";"Deensen (NDS)"
"03251012";"Diepholz (NDS)"
"03251019";"Hemsloh (NDS)"
"03251020";"Hüde (NDS)"
"05162012";"Jüchen"
"03251023";"Lemförde (NDS)"
"03251025";"Marl (NDS)"
"03255009";"Derental (NDS)"
"05162016";"Kaarst"
"05162020";"Korschenbroich"
"03251029";"Quernheim (NDS)"
"03251030";"Rehden (NDS)"
"03255018";"Heinade (NDS)"
"05162022";"Meerbusch"
"05162024";"Neuss"
"05162028";"Rommerskirchen"
"05166004";"Brüggen"
"03251036";"Stemshorn (NDS)"
"03251043";"Varrel (NDS)"
"03251044";"Wagenfeld (NDS)"
"05166008";"Grefrath"
"05166012";"Kempen"
"05166016";"Nettetal"
"05166020";"Niederkrüchten"
"05166024";"Schwalmtal"
"05166028";"Tönisvorst"
"05166032";"Viersen"
"05166036";"Willich"
"05170004";"Alpen"
"07132028";"Etzbach (RP)"
"03255004";"Boffzen (NDS)"
"05170008";"Dinslaken"
"05170012";"Hamminkeln"
"05170016";"Hünxe"
"03252005";"Emmerthal (NDS)"
"05170020";"Kamp-Lintfort"
"05170024";"Moers"
"05170028";"Neukirchen-Vluyn"
"05170032";"Rheinberg"
"05170036";"Schermbeck"
"05170040";"Sonsbeck"
"05170044";"Voerde (Niederrhein)"
"05170048";"Wesel"
"05170052";"Xanten"
"05314000";"Bonn"
"03252006";"Hameln (NDS)"
"03255017";"Hehlen (NDS)"
"03252007";"Hessisch Oldendorf (NDS)"
"05315000";"Köln"
"05316000";"Leverkusen"
"05334002";"Aachen"
"05358036";"Linnich"
"05362012";"Brühl"
"03255002";"Bevern (NDS)"
"05362016";"Elsdorf"
"05362020";"Erftstadt"
"05362024";"Frechen"
"05362028";"Hürth"
"05362032";"Kerpen"
"05362036";"Pulheim"
"05366004";"Bad Münstereifel"
"05366008";"Blankenheim"
"05366012";"Dahlem"
"03255005";"Brevörde (NDS)"
"03255014";"Fürstenberg (NDS)"
"03255015";"Golmbach (NDS)"
"05366016";"Euskirchen"
"05366020";"Hellenthal"
"05366024";"Kall"
"05366028";"Mechernich"
"03255019";"Heinsen (NDS)"
"03255023";"Holzminden (NDS)"
"03255031";"Ottenstein (NDS)"
"05366032";"Nettersheim"
"05366036";"Schleiden"
"05366040";"Weilerswist"
"05370004";"Erkelenz"
"05370008";"Gangelt"
"05370012";"Geilenkirchen"
"05370016";"Heinsberg"
"03255026";"Lauenförde (NDS)"
"03255030";"Negenborn (NDS)"
"05370020";"Hückelhoven"
"05370024";"Selfkant"
"05370028";"Übach-Palenberg"
"05370032";"Waldfeucht"
"05370036";"Wassenberg"
"05370040";"Wegberg"
"05374004";"Bergneustadt"
"05374008";"Engelskirchen"
"05374012";"Gummersbach"
"05374016";"Hückeswagen"
"03255033";"Polle (NDS)"
"03255506";"Merxhausen (NDS)"
"05374020";"Lindlar"
"05374024";"Marienheide"
"05374028";"Morsbach"
"05374032";"Nümbrecht"
"03255035";"Vahlbruch (NDS)"
"03456022";"Suddendorf (NDS)"
"03255501";"Boffzen,gemfr.Gebiet (NDS)"
"03256002";"Binnen (NDS)"
"05374036";"Radevormwald"
"05374040";"Reichshof"
"05374044";"Waldbröl"
"05374048";"Wiehl"
"05374052";"Wipperfürth"
"03256006";"Estorf (NDS)"
"07132031";"Fiersbach (RP)"
"07143291";"Salzburg (RP)"
"03256004";"Diepenau (NDS)"
"03257001";"Ahnsen (NDS)"
"03256017";"Landesbergen (NDS)"
"03256018";"Leese (NDS)"
"03256019";"Liebenau (NDS)"
"03256024";"Raddestorf (NDS)"
"03256025";"Rehburg-Loccum (NDS)"
"03257002";"Apelern (NDS)"
"03256030";"Steyerberg (NDS)"
"03256032";"Stolzenau (NDS)"
"03257028";"Obernkirchen (NDS)"
"03256033";"Uchte (NDS)"
"03257003";"Auetal (NDS)"
"03257030";"Pollhagen (NDS)"
"03257031";"Rinteln (NDS)"
"03256034";"Warmsen (NDS)"
"05378004";"Bergisch Gladbach"
"05378008";"Burscheid"
"05378012";"Kürten"
"05378016";"Leichlingen (Rhld.)"
"03257006";"Bad Nenndorf (NDS)"
"03257007";"Beckedorf (NDS)"
"03257008";"Buchholz (NDS)"
"03257009";"Bückeburg (NDS)"
"06534019";"Steffenberg (HE)"
"03257010";"Hagenburg (NDS)"
"03257011";"Haste (NDS)"
"03257012";"Heeßen (NDS)"
"03257013";"Helpsen (NDS)"
"03257014";"Hespe (NDS)"
"NL001640";"Leudal (NL)"
"05378020";"Odenthal"
"05378024";"Overath"
"05378028";"Rösrath"
"03257022";"Luhden (NDS)"
"03257023";"Meerbeck (NDS)"
"05378032";"Wermelskirchen"
"05382004";"Alfter"
"05382008";"Bad Honnef"
"05382012";"Bornheim"
"05382016";"Eitorf"
"05382020";"Hennef (Sieg)"
"05382024";"Königswinter"
"03257035";"Stadthagen (NDS)"
"03257036";"Suthfeld (NDS)"
"03454012";"Freren (NDS)"
"03257037";"Wiedensahl (NDS)"
"03257038";"Wölpinghausen (NDS)"
"03404000";"Osnabrück (NDS)"
"05382028";"Lohmar"
"03454010";"Emsbüren (NDS)"
"03454017";"Handrup (NDS)"
"03454028";"Langen (NDS)"
"05382032";"Meckenheim"
"05382036";"Much"
"05382040";"Neunkirchen-Seelscheid"
"03454034";"Lünne (NDS)"
"03454036";"Messingen (NDS)"
"NL001903";"Eijsden-Margraten (NL)"
"05382044";"Niederkassel"
"05382048";"Rheinbach"
"05382052";"Ruppichteroth"
"05382056";"Sankt Augustin"
"05382060";"Siegburg"
"05382064";"Swisttal"
"05382068";"Troisdorf"
"05382072";"Wachtberg"
"05382076";"Windeck"
"03454045";"Salzbergen (NDS)"
"07132068";"Mauden (RP)"
"03459001";"Alfhausen (NDS)"
"03454046";"Schapen (NDS)"
"05512000";"Bottrop"
"05513000";"Gelsenkirchen"
"05515000";"Münster"
"05554004";"Ahaus"
"05554008";"Bocholt"
"05554012";"Borken"
"05554016";"Gescher"
"05554020";"Gronau (Westf.)"
"03454049";"Spelle (NDS)"
"07132064";"Kraam (RP)"
"05554024";"Heek"
"05554028";"Heiden"
"03456001";"Bad Bentheim (NDS)"
"03459004";"Bad Iburg (NDS)"
"05554032";"Isselburg"
"05554036";"Legden"
"03456003";"Engden (NDS)"
"03456010";"Isterberg (NDS)"
"03456016";"Ohne (NDS)"
"05554040";"Raesfeld"
"05554044";"Reken"
"03459005";"Bad Laer (NDS)"
"05554048";"Rhede"
"05554052";"Schöppingen"
"05554056";"Stadtlohn"
"05554060";"Südlohn"
"05554064";"Velen"
"05554068";"Vreden"
"05558004";"Ascheberg"
"05558008";"Billerbeck"
"05558012";"Coesfeld"
"05558016";"Dülmen"
"03459006";"Bad Rothenfelde (NDS)"
"07132020";"Dickendorf (RP)"
"05558020";"Havixbeck"
"05558024";"Lüdinghausen"
"05558028";"Nordkirchen"
"05558032";"Nottuln"
"03459008";"Belm (NDS)"
"03459011";"Bippen (NDS)"
"05558040";"Rosendahl"
"05558044";"Senden"
"05562004";"Castrop-Rauxel"
"05562008";"Datteln"
"05562012";"Dorsten"
"05562014";"Gladbeck"
"05562016";"Haltern am See"
"03459012";"Bissendorf (NDS)"
"03459013";"Bohmte (NDS)"
"05562020";"Herten"
"05562024";"Marl"
"05562028";"Oer-Erkenschwick"
"05562032";"Recklinghausen"
"05562036";"Waltrop"
"05566004";"Altenberge"
"05566008";"Emsdetten"
"05566012";"Greven"
"05566016";"Hörstel"
"05566020";"Hopsten"
"07132032";"Flammersfeld (RP)"
"03460007";"Neuenkirchen-Vörden (NDS)"
"03459014";"Bramsche (NDS)"
"05566024";"Horstmar"
"05566028";"Ibbenbüren"
"05566032";"Ladbergen"
"05566036";"Laer"
"05566040";"Lengerich"
"05566044";"Lienen"
"05566048";"Lotte"
"05566072";"Recke"
"05566076";"Rheine"
"03459017";"Fürstenau (NDS)"
"03459027";"Neuenkirchen (NDS)"
"03459019";"Georgsmarienhütte (NDS)"
"03459020";"Hagen am Teutoburger Wald (NDS)"
"03460002";"Damme (NDS)"
"03459021";"Hasbergen (NDS)"
"05566080";"Saerbeck"
"05566084";"Steinfurt"
"05566088";"Tecklenburg"
"05566092";"Westerkappeln"
"05566096";"Wettringen"
"05570004";"Ahlen"
"05570008";"Beckum"
"03459022";"Hilter am Teutoburger Wald (NDS)"
"03459024";"Melle (NDS)"
"03459026";"Merzen (NDS)"
"05570012";"Beelen"
"05570016";"Drensteinfurt"
"05570020";"Ennigerloh"
"05570024";"Everswinkel"
"05570028";"Oelde"
"05570032";"Ostbevern"
"05570036";"Sassenberg"
"05570040";"Sendenhorst"
"05570044";"Telgte"
"05570048";"Wadersloh"
"05570052";"Warendorf"
"03459029";"Ostercappeln (NDS)"
"03459032";"Voltlage (NDS)"
"03459034";"Glandorf (NDS)"
"05366044";"Zülpich"
"05558036";"Olfen"
"07132047";"Helmenzen (RP)"
"06532004";"Breitscheid (HE)"
"05711000";"Bielefeld"
"05754004";"Borgholzhausen"
"07132036";"Friedewald (RP)"
"06532007";"Driedorf (HE)"
"05754008";"Gütersloh"
"05754012";"Halle (Westf.)"
"05754016";"Harsewinkel"
"05754020";"Herzebrock-Clarholz"
"06532005";"Dietzhölztal (HE)"
"06532006";"Dillenburg (HE)"
"05754024";"Langenberg"
"06532009";"Eschenburg (HE)"
"06532011";"Haiger (HE)"
"06532012";"Herborn (HE)"
"06534002";"Angelburg (HE)"
"05754028";"Rheda-Wiedenbrück"
"05754032";"Rietberg"
"05754036";"Schloß Holte-Stukenbrock"
"06534004";"Biedenkopf (HE)"
"05754040";"Steinhagen"
"05754044";"Verl"
"05754048";"Versmold"
"05754052";"Werther (Westf.)"
"05758004";"Bünde"
"06534005";"Breidenbach (HE)"
"06534007";"Dautphetal (HE)"
"05758008";"Enger"
"05758012";"Herford"
"06633002";"Bad Karlshafen (HE)"
"06633004";"Breuna (HE)"
"06633005";"Calden (HE)"
"07132067";"Mammelzen (RP)"
"05758016";"Hiddenhausen"
"05758020";"Kirchlengern"
"05758024";"Löhne"
"06633021";"Oberweser (HE)"
"07132069";"Mehren (RP)"
"05758028";"Rödinghausen"
"05758032";"Spenge"
"05758036";"Vlotho"
"06633010";"Grebenstein (HE)"
"06633025";"Trendelburg (HE)"
"06633027";"Wahlsburg (HE)"
"05762004";"Bad Driburg"
"05762008";"Beverungen"
"06633013";"Hofgeismar (HE)"
"07132041";"Giershausen (RP)"
"05762012";"Borgentreich"
"06633028";"Wolfhagen (HE)"
"05762016";"Brakel"
"05762020";"Höxter"
"05762024";"Marienmünster"
"05762028";"Nieheim"
"05762032";"Steinheim"
"05762036";"Warburg"
"05762040";"Willebadessen"
"05766004";"Augustdorf"
"05766008";"Bad Salzuflen"
"06633029";"Zierenberg (HE)"
"06633200";"Gutsbezirk Reinhardswald (HE)"
"07131032";"Honerath (RP)"
"07132022";"Eichelhardt (RP)"
"06635001";"Allendorf (Eder) (HE)"
"06635002";"Bad Arolsen (HE)"
"06635004";"Battenberg (Eder) (HE)"
"05766012";"Barntrup"
"05766016";"Blomberg"
"05766020";"Detmold"
"05766024";"Dörentrup"
"05766028";"Extertal"
"05766032";"Horn-Bad Meinberg"
"05766036";"Kalletal"
"05766040";"Lage"
"05766044";"Lemgo"
"05766048";"Leopoldshöhe"
"05766052";"Lügde"
"06635006";"Burgwald (HE)"
"07132038";"Fürthen (RP)"
"05766056";"Oerlinghausen"
"06635008";"Diemelstadt (HE)"
"06635011";"Frankenberg (Eder) (HE)"
"05766060";"Schieder-Schwalenberg"
"05766064";"Schlangen"
"05770004";"Bad Oeynhausen"
"05770008";"Espelkamp"
"05770012";"Hille"
"06635014";"Hatzfeld (Eder) (HE)"
"06635015";"Korbach (HE)"
"06635016";"Lichtenfels (HE)"
"05770016";"Hüllhorst"
"05770020";"Lübbecke"
"05770024";"Minden"
"05770028";"Petershagen"
"05770032";"Porta Westfalica"
"05770036";"Preußisch Oldendorf"
"05770040";"Rahden"
"05770044";"Stemwede"
"05774004";"Altenbeken"
"06635018";"Twistetal (HE)"
"07132070";"Michelbach (Westerwald) (RP)"
"05774008";"Bad Lippspringe"
"05774012";"Borchen"
"05774016";"Büren"
"05774020";"Delbrück"
"07131004";"Antweiler (RP)"
"07132071";"Molzhain (RP)"
"05774036";"Salzkotten"
"05774040";"Bad Wünnenberg"
"05911000";"Bochum"
"05913000";"Dortmund"
"05914000";"Hagen"
"05915000";"Hamm"
"05916000";"Herne"
"06635019";"Vöhl (HE)"
"07131049";"Mayschoß (RP)"
"05954004";"Breckerfeld"
"06635020";"Volkmarsen (HE)"
"06635022";"Willingen (Upland) (HE)"
"07132094";"Rettersen (RP)"
"05954008";"Ennepetal"
"07132052";"Hilgenroth (RP)"
"07132044";"Hamm (Sieg) (RP)"
"05954012";"Gevelsberg"
"05954016";"Hattingen"
"05954020";"Herdecke"
"05954024";"Schwelm"
"07131002";"Ahrbrück (RP)"
"03155003";"Dassel (NDS)"
"05954028";"Sprockhövel"
"05954032";"Wetter (Ruhr)"
"05954036";"Witten"
"05958004";"Arnsberg"
"05958008";"Bestwig"
"05958024";"Marsberg"
"05958028";"Medebach"
"05958032";"Meschede"
"05958036";"Olsberg"
"05958040";"Schmallenberg"
"05958044";"Sundern (Sauerland)"
"07131003";"Altenahr (RP)"
"07132051";"Heupelzen (RP)"
"05958048";"Winterberg"
"05962004";"Altena"
"05962008";"Balve"
"05962012";"Halver"
"05962020";"Herscheid"
"05962024";"Iserlohn"
"07132042";"Grünebach (RP)"
"07132045";"Harbach (RP)"
"05962028";"Kierspe"
"05962032";"Lüdenscheid"
"05962036";"Meinerzhagen"
"05962040";"Menden (Sauerland)"
"05962044";"Nachrodt-Wiblingwerde"
"05962048";"Neuenrade"
"05962052";"Plettenberg"
"05962056";"Schalksmühle"
"07131005";"Aremberg (RP)"
"05962060";"Werdohl"
"07131006";"Bad Breisig (RP)"
"07132056";"Idelberg (RP)"
"05966004";"Attendorn"
"07131008";"Barweiler (RP)"
"05966008";"Drolshagen"
"05966012";"Finnentrop"
"07131009";"Bauler (RP)"
"07132025";"Elkenroth (RP)"
"05966016";"Kirchhundem"
"05966020";"Lennestadt"
"05966024";"Olpe"
"07132024";"Elben (RP)"
"07132046";"Hasselbach (RP)"
"03241012";"Neustadt am Rübenberge (NDS)"
"05966028";"Wenden"
"05970004";"Bad Berleburg"
"05970008";"Burbach"
"05970012";"Erndtebrück"
"05970016";"Freudenberg"
"05970020";"Hilchenbach"
"07131011";"Berg (RP)"
"05970024";"Kreuztal"
"05974012";"Ense"
"05974016";"Erwitte"
"05974020";"Geseke"
"05978028";"Schwerte"
"05978040";"Werne"
"05774024";"Hövelhof"
"05962016";"Hemer"
"05970028";"Bad Laasphe"
"05334012";"Eschweiler"
"07131015";"Dankerath (RP)"
"07143222";"Fehl-Ritzhausen (RP)"
"05334016";"Herzogenrath"
"05334020";"Monschau"
"07131017";"Dernau (RP)"
"07131018";"Dorsel (RP)"
"05974008";"Bad Sassendorf"
"07132048";"Helmeroth (RP)"
"07132049";"Hemmelzen (RP)"
"07131021";"Eichenbach (RP)"
"05974024";"Lippetal"
"05974028";"Lippstadt"
"07131022";"Fuchshofen (RP)"
"07131026";"Harscheid (RP)"
"07131029";"Hönningen (RP)"
"07132057";"Ingelbach (RP)"
"07131030";"Hoffeld (RP)"
"03155012";"Uslar (NDS)"
"05974032";"Möhnesee"
"05974036";"Rüthen"
"07132075";"Niederdreisbach (RP)"
"07132076";"Niederfischbach (RP)"
"07131036";"Kalenborn (RP)"
"05974040";"Soest"
"05974044";"Warstein"
"05974048";"Welver"
"05974052";"Werl"
"07131034";"Insul (RP)"
"03241021";"Wunstorf (NDS)"
"05974056";"Wickede (Ruhr)"
"05978004";"Bergkamen"
"05978008";"Bönen"
"05978012";"Fröndenberg/Ruhr"
"07132079";"Nisterberg (RP)"
"07131042";"Kottenborn (RP)"
"07131040";"Kirchsahr (RP)"
"07132058";"Isert (RP)"
"07138009";"Dattenberg (RP)"
"07233020";"Dreis-Brück (RP)"
"05978016";"Holzwickede"
"05978020";"Kamen"
"07132081";"Obererbach (Westerwald) (RP)"
"07232308";"Sellerich (RP)"
"07131052";"Müsch (RP)"
"05978032";"Selm"
"05978036";"Unna"
"07132082";"Oberirsen (RP)"
"07138075";"Vettelschoß (RP)"
"07232202";"Auw bei Prüm (RP)"
"07131068";"Rech (RP)"
"07131044";"Leimbach (RP)"
"07131047";"Lind (RP)"
"07132092";"Racksen (RP)"
"07131062";"Ohlenhard (RP)"
"07132106";"Sörth (RP)"
"07132053";"Hirz-Maulsbach (RP)"
"07143255";"Lautzenbrücken (RP)"
"07131065";"Pomster (RP)"
"07138019";"Erpel (RP)"
"NL001641";"Maasgouw (NL)"
"NL001658";"Heeze-Leende (NL)"
"06633016";"Liebenau (HE)"
"07131076";"Sierscheid (RP)"
"07232227";"Gondenbrett (RP)"
"07131083";"Wiesemscheid (RP)"
"07131070";"Remagen (RP)"
"07131072";"Rodder (RP)"
"07132108";"Steineroth (RP)"
"03459003";"Bad Essen (NDS)"
"07131074";"Schuld (RP)"
"07143295";"Stein-Neukirch (RP)"
"03459015";"Dissen am Teutoburger Wald (NDS)"
"03459033";"Wallenhorst (NDS)"
"07131075";"Senscheid (RP)"
"07132059";"Kausen (RP)"
"07131077";"Sinzig (RP)"
"07131079";"Trierscheid (RP)"
"07132061";"Kettenhausen (RP)"
"07138037";"Leubsdorf (RP)"
"07132026";"Emmerzhausen (RP)"
"07131084";"Wimbach (RP)"
"07132027";"Ersfeld (RP)"
"07131085";"Winnerath (RP)"
"06635005";"Bromskirchen (HE)"
"06635007";"Diemelsee (HE)"
"07131039";"Kesseling (RP)"
"07131001";"Adenau (RP)"
"07131007";"Bad Neuenahr-Ahrweiler (RP)"
"07131033";"Hümmel (RP)"
"07138006";"Breitscheid (RP)"
"07131082";"Wershofen (RP)"
"07131090";"Grafschaft (RP)"
"07132008";"Birken-Honigsessen (RP)"
"07132063";"Kirchen (Sieg) (RP)"
"07131086";"Wirft (RP)"
"07138044";"Neustadt (Wied) (RP)"
"07132010";"Bitzen (RP)"
"07132097";"Rott (RP)"
"07131501";"Dümpelfeld (RP)"
"07132002";"Alsdorf (RP)"
"07132004";"Bachenberg (RP)"
"07132006";"Betzdorf (RP)"
"07131069";"Reifferscheid (RP)"
"07132007";"Birkenbeul (RP)"
"07132009";"Birnbach (RP)"
"07132013";"Breitscheidt (RP)"
"07138068";"Sankt Katharinen (Landkreis Neuwied) (RP)"
"07132017";"Busenhausen (RP)"
"07132011";"Mittelhof (RP)"
"07143244";"Homberg (RP)"
"07132012";"Brachbach (RP)"
"07132035";"Forstmehren (RP)"
"07232302";"Roth bei Prüm (RP)"
"07132014";"Bruchertseifen (RP)"
"07132062";"Kircheib (RP)"
"07132019";"Derschen (RP)"
"NL000946";"Nederweert (NL)"
"NL001945";"Berg en Dal (NL)"
"NL000951";"Nuth (NL)"
"NL000957";"Roermond (NL)"
"NL000971";"Stein (NL)"
"NL000983";"Venlo (NL)"
"NL000984";"Venray (NL)"
"NL000986";"Voerendaal (NL)"
"NL000988";"Weert (NL)"
"NL000994";"Valkenburg aan de Geul (NL)"
"NL001507";"Horst aan de Maas (NL)"
"NL001509";"Oude IJsselstreek (NL)"
"05111000";"Düsseldorf"
"05113000";"Essen"
"05114000";"Krefeld"
"05154036";"Kleve"
"07132084";"Obernau (RP)"
"07233029";"Hillesheim (RP)"
"07233035";"Jünkerath (RP)"
"07233076";"Üxheim (RP)"
"07233083";"Wiesbaum (RP)"
"07233218";"Kelberg (RP)"
"07233229";"Nohn (RP)"
"07132087";"Ölsen (RP)"
"07132018";"Daaden (RP)"
"07132034";"Forst (RP)"
"07132037";"Friesenhagen (RP)"
"07132050";"Herdorf (RP)"
"07132054";"Hövels (RP)"
"07132060";"Kescheid (RP)"
"07132072";"Mudersbach (RP)"
"07132074";"Neitersen (RP)"
"07132077";"Niederirsen (RP)"
"07143302";"Waigandshain (RP)"
"07132080";"Katzwinkel (Sieg) (RP)"
"07132088";"Orfgen (RP)"
"07132093";"Reiferscheid (RP)"
"07132091";"Pracht (RP)"
"07143311";"Willingen (RP)"
"07132110";"Volkerzen (RP)"
"07132096";"Roth (RP)"
"07132098";"Scheuerfeld (RP)"
"07132100";"Schürdt (RP)"
"07132101";"Schutzbach (RP)"
"07143214";"Bretthausen (RP)"
"07132102";"Seelbach bei Hamm (Sieg) (RP)"
"07132105";"Selbach (Sieg) (RP)"
"07132111";"Wallmenroth (RP)"
"07132112";"Walterschen (RP)"
"07132113";"Weitefeld (RP)"
"07132114";"Werkhausen (RP)"
"07132115";"Weyerbusch (RP)"
"07132117";"Wissen (RP)"
"07132118";"Wölmersen (RP)"
"07132119";"Ziegenhain (RP)"
"07132501";"Altenkirchen (Westerwald) (RP)"
"07138003";"Asbach (RP)"
"07138004";"Bad Hönningen (RP)"
"07138008";"Bruchhausen (RP)"
"07138041";"Linz am Rhein (RP)"
"07138055";"Ockenfels (RP)"
"07138062";"Rheinbreitbach (RP)"
"07138065";"Roßbach (RP)"
"07143315";"Zehnhausen bei Rennerod (RP)"
"07138073";"Unkel (RP)"
"07138077";"Windhagen (RP)"
"07138080";"Buchholz (Westerwald) (RP)"
"07138501";"Kasbach-Ohlenberg (RP)"
"07143225";"Giesenhausen (RP)"
"07143243";"Hof (RP)"
"07143250";"Kroppach (RP)"
"07143253";"Langenbach bei Kirburg (RP)"
"07143256";"Liebenscheid (RP)"
"07143277";"Nisterau (RP)"
"07143265";"Mörsbach (RP)"
"07143278";"Nister-Möhrendorf (RP)"
"07143270";"Neunkhausen (RP)"
"07143274";"Niederroßbach (RP)"
"07143285";"Rehe (RP)"
"07143286";"Rennerod (RP)"
"07143296";"Stein-Wingert (RP)"
"07143297";"Stockhausen-Illfurth (RP)"
"07232208";"Buchet (RP)"
"07233023";"Feusdorf (RP)"
"07232226";"Weinsheim (RP)"
"07232250";"Kleinlangenfeld (RP)"
"07232272";"Neuendorf (RP)"
"07232283";"Oberlascheid (RP)"
"07232288";"Olzheim (RP)"
"07232305";"Schwirzheim (RP)"
"07233002";"Basberg (RP)"
"07233005";"Berndorf (RP)"
"07233007";"Birgel (RP)"
"07233022";"Esch (RP)"
"03255505";"Holzminden,gemfr.Gebiet (NDS)"
"07233028";"Gönnersdorf (RP)"
"05774028";"Lichtenau"
"05774032";"Paderborn"
"07233038";"Kerpen (Eifel) (RP)"
"05958012";"Brilon"
"05958016";"Eslohe (Sauerland)"
"05958020";"Hallenberg"
"07233041";"Lissendorf (RP)"
"07233053";"Oberbettingen (RP)"
"07233080";"Walsdorf (RP)"
"07233054";"Oberehe-Stroheich (RP)"
"07233205";"Bodenbach (RP)"
"07233207";"Borler (RP)"
"07233206";"Bongard (RP)"
"05970032";"Netphen"
"05970036";"Neunkirchen"
"05970040";"Siegen"
"05970044";"Wilnsdorf"
"05974004";"Anröchte"
"07233211";"Duppach (RP)"
"07233212";"Gelenberg (RP)"
"07233214";"Hallschlag (RP)"
"07233219";"Kerschenbach (RP)"
"07233235";"Reuth (RP)"
"05978024";"Lünen"
"07233232";"Ormont (RP)"
"07233237";"Scheid (RP)"
"BE063040";"Kelmis (BE)"
"BE063061";"Raeren (BE)"
"BE063080";"Waimes (BE)"
"BE063088";"Plombieres (BE)"
"NL000153";"Enschede (NL)"
"NL000158";"Haaksbergen (NL)"
"NL000164";"Hengelo (NL)"
"NL000168";"Losser (NL)"
"NL000173";"Oldenzaal (NL)"
"NL000196";"Rijnwaarden (NL)"
"NL000197";"Aalten (NL)"
"07233239";"Schüller (RP)"
"07233240";"Stadtkyll (RP)"
"NL000209";"Beuningen (NL)"
"NL000222";"Doetinchem (NL)"
"NL000226";"Duiven (NL)"
"NL000252";"Heumen (NL)"
"NL000268";"Nijmegen (NL)"
"NL000294";"Winterswijk (NL)"
"NL000299";"Zevenaar (NL)"
"NL000743";"Asten (NL)"
"NL000756";"Boxmeer (NL)"
"NL000762";"Deurne (NL)"
"NL000847";"Someren (NL)"
"NL000881";"Onderbanken (NL)"
"07233241";"Steffeln (RP)"
"BE063012";"Bullingen-Bullange (BE)"
"BE063013";"Butgenbach (BE)"
"BE063023";"Eupen (BE)"
"05334032";"Stolberg (Rhld.)"
"05334036";"Würselen"
"05158020";"Langenfeld (Rhld.)"
"05334004";"Alsdorf"
"05334008";"Baesweiler"
"05334024";"Roetgen"
"05334028";"Simmerath"
"05358004";"Aldenhoven"
"05358008";"Düren"
"05358012";"Heimbach"
"05358016";"Hürtgenwald"
"05358020";"Inden"
"05358024";"Jülich"
"05358028";"Kreuzau"
"05358032";"Langerwehe"
"05358040";"Merzenich"
"05358044";"Nideggen"
"05358048";"Niederzier"
"05358052";"Nörvenich"
"05358056";"Titz"
"05358060";"Vettweiß"
"05362004";"Bedburg"
"05362008";"Bergheim"
"05362040";"Wesseling"
"05566052";"Metelen"
"05566056";"Mettingen"
"05566060";"Neuenkirchen"
"05566064";"Nordwalde"
"05566068";"Ochtrup"
